,,,,,,,
"The Nordic List",,,,,,,
"Companies 2008-07-18",,,,,,,
" ",,,,,,,
,Currency,Exchange,,,"Short Name",ISIN,
,,,,,,,
"Autoliv Inc. SDB",SEK,STO,LARGE,"Consumer Discretionary","ALIV SDB",SE0000382335,
"Electrolux, AB ser. A",SEK,STO,LARGE,"Consumer Discretionary","ELUX A",SE0000103806,
"Electrolux, AB ser. B",SEK,STO,LARGE,"Consumer Discretionary","ELUX B",SE0000103814,
"Fiskars Oyj A",EUR,HEL,LARGE,"Consumer Discretionary",FISAS,FI0009000400,
"Fiskars Oyj K",EUR,HEL,LARGE,"Consumer Discretionary",FISKS,FI0009000426,
"Hennes & Mauritz AB, H & M ser. B",SEK,STO,LARGE,"Consumer Discretionary","HM B",SE0000106270,
"Husqvarna AB ser. A",SEK,STO,LARGE,"Consumer Discretionary","HUSQ A",SE0001662222,
"Husqvarna AB ser. B",SEK,STO,LARGE,"Consumer Discretionary","HUSQ B",SE0001662230,
"Modern Times Group MTG AB ser. A",SEK,STO,LARGE,"Consumer Discretionary","MTG A",SE0000412363,
"Modern Times Group MTG AB ser. B",SEK,STO,LARGE,"Consumer Discretionary","MTG B",SE0000412371,
"Nokian Renkaat Oyj",EUR,HEL,LARGE,"Consumer Discretionary",NRE1V,FI0009005318,
"SanomaWSOY Oyj",EUR,HEL,LARGE,"Consumer Discretionary",SWS1V,FI0009007694,
"Securitas Direct AB ser. B",SEK,STO,LARGE,"Consumer Discretionary","SDIR B",SE0001789306,
"Stockmann Oyj Abp A",EUR,HEL,LARGE,"Consumer Discretionary",STCAS,FI0009000236,
"Stockmann Oyj Abp B",EUR,HEL,LARGE,"Consumer Discretionary",STCBV,FI0009000251,
"Axfood AB",SEK,STO,LARGE,"Consumer Staples",AXFO,SE0000635401,
"Carlsberg A/S A",DKK,CSE,LARGE,"Consumer Staples","CARL A",DK0010181676,
"Carlsberg A/S B",DKK,CSE,LARGE,"Consumer Staples","CARL B",DK0010181759,
Danisco,DKK,CSE,LARGE,"Consumer Staples",DCO,DK0010207497,
"Kesko Oyj A",EUR,HEL,LARGE,"Consumer Staples",KESAV,FI0009007900,
"Kesko Oyj B",EUR,HEL,LARGE,"Consumer Staples",KESBV,FI0009000202,
"Oriflame Cosmetics S.A, SDB",SEK,STO,LARGE,"Consumer Staples","ORI SDB",SE0001174889,
"Swedish Match AB",SEK,STO,LARGE,"Consumer Staples",SWMA,SE0000310336,
"D/S Torm",DKK,CSE,LARGE,Energy,TORM,DK0060082915,
"Lundin Petroleum AB",SEK,STO,LARGE,Energy,LUPE,SE0000825820,
"Neste Oil Oyj",EUR,HEL,LARGE,Energy,NES1V,FI0009013296,
"PA Resources",SEK,STO,LARGE,Energy,"PAR SEK",SE0000818569,
"West Siberian Resources Ltd. SDB",SEK,STO,LARGE,Energy,"WSIB SDB",SE0000739286,
"Vostok Gas Ltd. SDB",SEK,STO,LARGE,Energy,"VGAS SDB",SE0000367823,
"Castellum AB",SEK,STO,LARGE,Financials,CAST,SE0000379190,
"Danske Bank A/S",DKK,CSE,LARGE,Financials,DANSKE,DK0010274414,
"Exista hf.",ISK,ISE,LARGE,Financials,EXISTA,IS0000013175,
"Fabege AB",SEK,STO,LARGE,Financials,FABG,SE0000950636,
"Glitnir banki hf.",ISK,ISE,LARGE,Financials,GLB,IS0000000131,
"Hufvudstaden AB ser. A",SEK,STO,LARGE,Financials,"HUFV A",SE0000170375,
"Hufvudstaden AB ser. C",SEK,STO,LARGE,Financials,"HUFV C",SE0000170383,
"Industrivärden, AB ser. A",SEK,STO,LARGE,Financials,"INDU A",SE0000190126,
"Industrivärden, AB ser. C",SEK,STO,LARGE,Financials,"INDU C",SE0000107203,
"Investor AB ser. A",SEK,STO,LARGE,Financials,"INVE A",SE0000107401,
"Investor AB ser. B",SEK,STO,LARGE,Financials,"INVE B",SE0000107419,
"JM AB",SEK,STO,LARGE,Financials,JM,SE0000806994,
"Jyske Bank A/S",DKK,CSE,LARGE,Financials,JYSK,DK0010307958,
"Kaupthing Bank",ISK,ISE,LARGE,Financials,KAUP,IS0000001469,
"Kaupthing Bank",SEK,STO,LARGE,Financials,"KAUP SEK",IS0000001469,
"Kinnevik, Investment AB ser. A",SEK,STO,LARGE,Financials,"KINV A",SE0000164600,
"Kinnevik, Investment AB ser. B",SEK,STO,LARGE,Financials,"KINV B",SE0000164626,
"Landsbanki Íslands hf.",ISK,ISE,LARGE,Financials,LAIS,IS0000000156,
"Latour, Investmentab. ser. A",SEK,STO,LARGE,Financials,"LATO A",SE0000106304,
"Latour, Investmentab. ser. B",SEK,STO,LARGE,Financials,"LATO B",SE0000106320,
"Lundbergföretagen AB, L E ser. B",SEK,STO,LARGE,Financials,"LUND B",SE0000108847,
"Melker Schörling AB",SEK,STO,LARGE,Financials,MELK,SE0001785270,
"Nordea Bank AB",DKK,CSE,LARGE,Financials,"NDA DKK",SE0000427361,
"Nordea Bank AB",SEK,STO,LARGE,Financials,"NDA SEK",SE0000427361,
"Nordea Bank AB (publ) FDR",EUR,HEL,LARGE,Financials,NDA1V,FI0009902530,
"Pohjola Pankki Oyj ",EUR,HEL,LARGE,Financials,POH1S,FI0009003222,
"Ratos AB ser. A",SEK,STO,LARGE,Financials,"RATO A",SE0000191090,
"Ratos AB ser. B",SEK,STO,LARGE,Financials,"RATO B",SE0000111940,
"Sampo Oyj A",EUR,HEL,LARGE,Financials,SAMAS,FI0009003305,
"Skandinaviska Enskilda Banken ser. A",SEK,STO,LARGE,Financials,"SEB A",SE0000148884,
"Skandinaviska Enskilda Banken ser. C",SEK,STO,LARGE,Financials,"SEB C",SE0000120784,
"Straumur-Burðarás Fjárfestingabanki hf.",ISK,ISE,LARGE,Financials,STRB,IS0000000644,
"Swedbank AB ser A",SEK,STO,LARGE,Financials,"SWED A",SE0000242455,
"Svenska Handelsbanken ser. A",SEK,STO,LARGE,Financials,"SHB A",SE0000193120,
"Svenska Handelsbanken ser. B",SEK,STO,LARGE,Financials,"SHB B",SE0000152084,
Sydbank,DKK,CSE,LARGE,Financials,SYDB,DK0010311471,
Topdanmark,DKK,CSE,LARGE,Financials,TOP,DK0010259530,
"TrygVesta A/S",DKK,CSE,LARGE,Financials,TRYG,DK0060013274,
"AstraZeneca PLC",SEK,STO,LARGE,"Health Care",AZN,GB0009895292,
"Coloplast B",DKK,CSE,LARGE,"Health Care","COLO B",DK0010309657,
"Elekta AB ser. B",SEK,STO,LARGE,"Health Care","EKTA B",SE0000163628,
Genmab,DKK,CSE,LARGE,"Health Care",GEN,DK0010272202,
"Getinge AB ser. B",SEK,STO,LARGE,"Health Care","GETI B",SE0000202624,
"Lundbeck A/S",DKK,CSE,LARGE,"Health Care",LUN,DK0010287234,
"Meda AB ser. A",SEK,STO,LARGE,"Health Care","MEDA A",SE0000221723,
"Novo Nordisk B",DKK,CSE,LARGE,"Health Care","NOVO B",DK0060102614,
"Orion Oyj A",EUR,HEL,LARGE,"Health Care",ORNAV,FI0009014369,
"Orion Oyj B",EUR,HEL,LARGE,"Health Care",ORNBV,FI0009014377,
"William Demant Holding",DKK,CSE,LARGE,"Health Care",WDH,DK0010268440,
"A.P. Møller - Mærsk A",DKK,CSE,LARGE,Industrials,"MAERSK A",DK0010244425,
"A.P. Møller - Mærsk B",DKK,CSE,LARGE,Industrials,"MAERSK B",DK0010244508,
"ABB Ltd",SEK,STO,LARGE,Industrials,ABB,CH0012221716,
"Alfa Laval AB",SEK,STO,LARGE,Industrials,ALFA,SE0000695876,
"ASSA ABLOY AB ser. B",SEK,STO,LARGE,Industrials,"ASSA B",SE0000255648,
"Atlas Copco AB ser. A",SEK,STO,LARGE,Industrials,"ATCO A",SE0000101032,
"Atlas Copco AB ser. B",SEK,STO,LARGE,Industrials,"ATCO B",SE0000122467,
"Cargotec Oyj",EUR,HEL,LARGE,Industrials,CGCBV,FI0009013429,
"D/S Norden",DKK,CSE,LARGE,Industrials,DNORD,DK0060083210,
DSV,DKK,CSE,LARGE,Industrials,DSV,DK0060079531,
"FLSmidth & Co.",DKK,CSE,LARGE,Industrials,FLS,DK0010234467,
"G4S plc",DKK,CSE,LARGE,Industrials,G4S,GB00B01FLG62,
"Hexagon AB ser. B",SEK,STO,LARGE,Industrials,"HEXA B",SE0000103699,
"KONE Oyj",EUR,HEL,LARGE,Industrials,KNEBV,FI0009013403,
"Konecranes Oyj",EUR,HEL,LARGE,Industrials,KCR1V,FI0009005870,
"Københavns Lufthavne",DKK,CSE,LARGE,Industrials,KBHL,DK0010201102,
"Lindab International AB",SEK,STO,LARGE,Industrials,LIAB,SE0001852419,
"Metso Oyj",EUR,HEL,LARGE,Industrials,MEO1V,FI0009007835,
"NCC AB ser. A",SEK,STO,LARGE,Industrials,"NCC A",SE0000118952,
"NCC AB ser. B",SEK,STO,LARGE,Industrials,"NCC B",SE0000117970,
"NKT Holding",DKK,CSE,LARGE,Industrials,NKT,DK0010287663,
"Outotec Oyj",EUR,HEL,LARGE,Industrials,OTE1V,FI0009014575,
"Pöyry Oyj",EUR,HEL,LARGE,Industrials,POY1V,FI0009006696,
"Rockwool International A",DKK,CSE,LARGE,Industrials,"ROCK A",DK0010219070,
"Rockwool International B",DKK,CSE,LARGE,Industrials,"ROCK B",DK0010219153,
"SAAB AB ser. B",SEK,STO,LARGE,Industrials,"SAAB B",SE0000112385,
"Sandvik AB",SEK,STO,LARGE,Industrials,SAND,SE0000667891,
"SCANIA AB ser. A",SEK,STO,LARGE,Industrials,"SCV A",SE0000308272,
"SCANIA AB ser. B",SEK,STO,LARGE,Industrials,"SCV B",SE0000308280,
"Seco Tools AB ser. B",SEK,STO,LARGE,Industrials,"SECO B",SE0000118838,
"Securitas AB ser. B",SEK,STO,LARGE,Industrials,"SECU B",SE0000163594,
"Skanska AB ser. B",SEK,STO,LARGE,Industrials,"SKA B",SE0000113250,
"SKF, AB ser. A",SEK,STO,LARGE,Industrials,"SKF A",SE0000108201,
"SKF, AB ser. B",SEK,STO,LARGE,Industrials,"SKF B",SE0000108227,
"Trelleborg AB ser. B",SEK,STO,LARGE,Industrials,"TREL B",SE0000114837,
"Uponor Oyj",EUR,HEL,LARGE,Industrials,UNR1V,FI0009002158,
"Vestas Wind Systems",DKK,CSE,LARGE,Industrials,VWS,DK0010268606,
"Volvo, AB ser. A",SEK,STO,LARGE,Industrials,"VOLV A",SE0000115420,
"Volvo, AB ser. B",SEK,STO,LARGE,Industrials,"VOLV B",SE0000115446,
"Wärtsilä Oyj Abp",EUR,HEL,LARGE,Industrials,WRT1V,FI0009003727,
"YIT Oyj",EUR,HEL,LARGE,Industrials,YTY1V,FI0009800643,
"Ericsson, Telefonab. L M ser. A",SEK,STO,LARGE,"Information Technology","ERIC A",SE0000108649,
"Ericsson, Telefonab. L M ser. B",SEK,STO,LARGE,"Information Technology","ERIC B",SE0000108656,
"Nokia Oyj",EUR,HEL,LARGE,"Information Technology",NOK1V,FI0009000681,
"Nokia Oyj New Shares",EUR,HEL,LARGE,"Information Technology",NOK1VM0108,FI0009015747,
"TietoEnator Oyj",EUR,HEL,LARGE,"Information Technology",TIE1V,FI0009000277,
"TietoEnator Oyj",SEK,STO,LARGE,"Information Technology",TIEN,FI0009000277,
"Boliden AB",SEK,STO,LARGE,Materials,BOL,SE0000869646,
"Holmen AB ser. A",SEK,STO,LARGE,Materials,"HOLM A",SE0000171506,
"Holmen AB ser. B",SEK,STO,LARGE,Materials,"HOLM B",SE0000109290,
"Kemira Oyj",EUR,HEL,LARGE,Materials,KRA1V,FI0009004824,
"Lundin Mining Corporation SDB",SEK,STO,LARGE,Materials,"LUMI SDB",SE0001134529,
"Novozymes B",DKK,CSE,LARGE,Materials,"NZYM B",DK0010272129,
"Outokumpu Oyj",EUR,HEL,LARGE,Materials,OUT1V,FI0009002422,
"Rautaruukki Oyj K",EUR,HEL,LARGE,Materials,RTRKS,FI0009003552,
"SSAB Svenskt Stål AB ser. A",SEK,STO,LARGE,Materials,"SSAB A",SE0000171100,
"SSAB Svenskt Stål AB ser. B",SEK,STO,LARGE,Materials,"SSAB B",SE0000120669,
"Stora Enso Oyj A",EUR,HEL,LARGE,Materials,STEAV,FI0009005953,
"Stora Enso Oyj R",EUR,HEL,LARGE,Materials,STERV,FI0009005961,
"Stora Enso Oyj ser. A",SEK,STO,LARGE,Materials,"STE A",FI0009007603,
"Stora Enso Oyj ser. R",SEK,STO,LARGE,Materials,"STE R",FI0009007611,
"Svenska Cellulosa AB SCA ser. A",SEK,STO,LARGE,Materials,"SCA A",SE0000171886,
"Svenska Cellulosa AB SCA ser. B",SEK,STO,LARGE,Materials,"SCA B",SE0000112724,
"UPM-Kymmene Oyj",EUR,HEL,LARGE,Materials,UPM1V,FI0009005987,
"Elisa Oyj",EUR,HEL,LARGE,"Telecommunication Services",ELI1V,FI0009007884,
"Millicom International Cellular S.A. SDB",SEK,STO,LARGE,"Telecommunication Services","MIC SDB",SE0001174970,
"TDC A/S",DKK,CSE,LARGE,"Telecommunication Services",TDC,DK0010253335,
"Tele2 AB ser. A",SEK,STO,LARGE,"Telecommunication Services","TEL2 A",SE0000314304,
"Tele2 AB ser. B",SEK,STO,LARGE,"Telecommunication Services","TEL2 B",SE0000314312,
"TeliaSonera AB",EUR,HEL,LARGE,"Telecommunication Services",TLS1V,SE0000667925,
"TeliaSonera AB",SEK,STO,LARGE,"Telecommunication Services",TLSN,SE0000667925,
"Fortum Oyj",EUR,HEL,LARGE,Utilities,FUM1V,FI0009007132,
"Alma Media Oyj",EUR,HEL,MID,"Consumer Discretionary",ALN1V,FI0009013114,
"Amer Sports Corporation",EUR,HEL,MID,"Consumer Discretionary",AMEAS,FI0009000285,
"Ballingslöv International AB",SEK,STO,MID,"Consumer Discretionary",BALL,SE0000524191,
"Bang & Olufsen  B",DKK,CSE,MID,"Consumer Discretionary","BO B",DK0010218429,
"Betsson AB ser. B",SEK,STO,MID,"Consumer Discretionary","BETS B",SE0000102378,
"Björn Borg AB",SEK,STO,MID,"Consumer Discretionary",BORG,SE0001289190,
"Clas Ohlson AB ser. B",SEK,STO,MID,"Consumer Discretionary","CLAS B",SE0000584948,
"Duni AB",SEK,STO,MID,"Consumer Discretionary",DUNI,SE0000616716,
"Eniro AB",SEK,STO,MID,"Consumer Discretionary",ENRO,SE0000718017,
"Hemtex AB",SEK,STO,MID,"Consumer Discretionary",HEMX,SE0000698268,
"Home Properties AB",SEK,STO,MID,"Consumer Discretionary",HOPR,SE0000525057,
"IC Companys",DKK,CSE,MID,"Consumer Discretionary",IC,DK0010221803,
"Ilkka-Yhtymä Oyj 2",EUR,HEL,MID,"Consumer Discretionary",ILK2S,FI0009800205,
"KappAhl Holding AB",SEK,STO,MID,"Consumer Discretionary",KAHL,SE0001630880,
"Mekonomen AB",SEK,STO,MID,"Consumer Discretionary",MEKO,SE0002110064,
"Metro International S.A SDB ser. A",SEK,STO,MID,"Consumer Discretionary","MTRO SDB A",SE0000696841,
"Metro International S.A SDB ser. B",SEK,STO,MID,"Consumer Discretionary","MTRO SDB B",SE0000696858,
"New Wave Group AB ser. B",SEK,STO,MID,"Consumer Discretionary","NEWA B",SE0000426546,
"Nobia AB",SEK,STO,MID,"Consumer Discretionary",NOBI,SE0000949331,
"PARKEN Sport & Entertainment",DKK,CSE,MID,"Consumer Discretionary",PARKEN,DK0010237643,
"Pohjois-Karjalan Kirjapaino Oyj",EUR,HEL,MID,"Consumer Discretionary",PKK1V,FI0009900468,
"Rapala VMC Oyj",EUR,HEL,MID,"Consumer Discretionary",RAP1V,FI0009007355,
"Rella Holding A/S",DKK,CSE,MID,"Consumer Discretionary",RELLA,DK0016033889,
"Rezidor Hotel Group AB",SEK,STO,MID,"Consumer Discretionary",REZT,SE0001857533,
"RNB RETAIL AND BRANDS AB",SEK,STO,MID,"Consumer Discretionary",RNBS,SE0000401622,
"SkiStar AB ser. B",SEK,STO,MID,"Consumer Discretionary","SKIS B",SE0000241614,
"Tivoli A/S",DKK,CSE,MID,"Consumer Discretionary",TIV,DK0010040500,
"Unibet Group Plc",SEK,STO,MID,"Consumer Discretionary","UNIB SDB",SE0001835588,
"Viking Line Abp",EUR,HEL,MID,"Consumer Discretionary",VIK1V,FI0009005250,
"AarhusKarlshamn AB",SEK,STO,MID,"Consumer Staples",AAK,SE0001493776,
"Alfesca hf.",ISK,ISE,MID,"Consumer Staples",A,IS0000000461,
"Atria Oyj ",EUR,HEL,MID,"Consumer Staples",ATRAV,FI0009006548,
"Bakkavör Group hf.",ISK,ISE,MID,"Consumer Staples",BAKK,IS0000000099,
"Cloetta Fazer AB ser. B",SEK,STO,MID,"Consumer Staples","CFA B",SE0000102642,
"Hakon Invest AB",SEK,STO,MID,"Consumer Staples",HAKN,SE0000652216,
"HKScan Oyj  A",EUR,HEL,MID,"Consumer Staples",HKSAV,FI0009006308,
"Olvi Oyj A",EUR,HEL,MID,"Consumer Staples",OLVAS,FI0009900401,
"Raisio Oyj Vaihto-osake",EUR,HEL,MID,"Consumer Staples",RAIVV,FI0009002943,
"Royal UNIBREW",DKK,CSE,MID,"Consumer Staples",RBREW,DK0010242999,
"United International Enterprises Ltd",DKK,CSE,MID,"Consumer Staples",UIE,BSP951331318,
"United Plantation Berhad",DKK,CSE,MID,"Consumer Staples",UPB,DK0010023258,
"Østasiatiske Kompagni",DKK,CSE,MID,"Consumer Staples",EAC,DK0010006329,
"Atlantic Petroleum P/F",DKK,CSE,MID,Energy,"FO-ATLA CSE",FO000A0DN9X4,
"Atlantic Petroleum P/F",DKK,ISE,MID,Energy,FO-ATLA,FO000A0DN9X4,
"Broström AB ser.B",SEK,STO,MID,Energy,"BRO B",SE0000254880,
"Tanganyika Oil Company Ltd. SDB",SEK,STO,MID,Energy,"TYKS SDB",SE0001134537,
"Alm. Brand",DKK,CSE,MID,Financials,ALMB,DK0015250344,
Amagerbanken,DKK,CSE,MID,Financials,AMAG,DK0060037109,
"Atorka Group hf.",ISK,ISE,MID,Financials,ATOR,IS0000000669,
"Atrium Ljungberg AB ser. B",SEK,STO,MID,Financials,"LJGR B",SE0000191827,
"Avanza Bank Holding AB",SEK,STO,MID,Financials,AZA,SE0000170110,
"Brinova Fastigheter AB ser.B",SEK,STO,MID,Financials,"BRIN B",SE0001105487,
"Bure Equity AB",SEK,STO,MID,Financials,BURE,SE0000195810,
"Capinordic A/S",DKK,CSE,MID,Financials,"CAPI DKK",DK0010212570,
"CapMan Oyj B",EUR,HEL,MID,Financials,CPMBV,FI0009009377,
"Citycon Oyj",EUR,HEL,MID,Financials,CTY1S,FI0009002471,
"D. Carnegie & Co AB",SEK,STO,MID,Financials,CAR,SE0000798829,
"East Capital Explorer AB",SEK,STO,MID,Financials,ECEX,SE0002158568,
"ebh bank A/S",DKK,CSE,MID,Financials,EBH,DK0060035327,
"Eik Banki P/F",DKK,CSE,MID,Financials,"FO-EIK CSE",FO0005702340,
"Eik Banki P/F",DKK,ISE,MID,Financials,FO-EIK,FO0005702340,
"Fast Partner AB",SEK,STO,MID,Financials,FPAR,SE0000224446,
"Fionia Bank",DKK,CSE,MID,Financials,FIONIA,DK0060129658,
"Formuepleje Epikur A/S",DKK,CSE,MID,Financials,FPEPI,DK0016079288,
"Formuepleje LimiTTellus A/S",DKK,CSE,MID,Financials,FPLIM,DK0016310980,
"Formuepleje Markur A/S",DKK,CSE,MID,Financials,FPMER,DK0016042609,
"Formuepleje Pareto A/S",DKK,CSE,MID,Financials,FPPAR,DK0016023492,
"Formuepleje Penta A/S",DKK,CSE,MID,Financials,FPPEN,DK0016079361,
"Formuepleje Safe",DKK,CSE,MID,Financials,FPSAFE,DK0016110547,
"Forstædernes Bank",DKK,CSE,MID,Financials,FORST,DK0060076354,
"Føroya Banki P/F",DKK,CSE,MID,Financials,"FO-BANK CSE",FO0000000088,
"Føroya Banki P/F",DKK,ISE,MID,Financials,FO-BANK,FO0000000088,
Grønlandsbanken,DKK,CSE,MID,Financials,GRLA,DK0010230630,
"Heba Fastighets AB ser. B",SEK,STO,MID,Financials,"HEBA B",SE0000236515,
"HQ AB",SEK,STO,MID,Financials,HQ,SE0000622656,
Jeudan,DKK,CSE,MID,Financials,JDAN,DK0010171362,
"Klövern AB",SEK,STO,MID,Financials,KLOV,SE0000331225,
"Kungsleden AB",SEK,STO,MID,Financials,KLED,SE0000549412,
"Lån og Spar Bank",DKK,CSE,MID,Financials,LASP,DK0010201532,
"NeoNet AB",SEK,STO,MID,Financials,NEO,SE0000706913,
Nordicom,DKK,CSE,MID,Financials,NRDC,DK0010158500,
"Nordjyske Bank",DKK,CSE,MID,Financials,NORDJB,DK0060034353,
"Nordnet AB ser. B",SEK,STO,MID,Financials,"NN B",SE0000371296,
"Nørresundby Bank",DKK,CSE,MID,Financials,NRSU,DK0060135549,
"Ringkjøbing Landbobank",DKK,CSE,MID,Financials,RILBA,DK0060032068,
"Roskilde Bank",DKK,CSE,MID,Financials,ROSK,DK0060056083,
"Schaumann Properties",DKK,CSE,MID,Financials,SCHAUP,DK0010250075,
"Sjælsø Gruppen",DKK,CSE,MID,Financials,SJGR,DK0010241751,
"Skanditek Industriförvaltning AB.",SEK,STO,MID,Financials,STEK,SE0000535593,
"Spar Nord Bank",DKK,CSE,MID,Financials,SPNO,DK0060036564,
Sparbank,DKK,CSE,MID,Financials,SPB,DK0010305820,
"Sparekassen Faaborg",DKK,CSE,MID,Financials,SPFA,DK0010150523,
"Sparekassen Himmerland",DKK,CSE,MID,Financials,SPHIM,DK0060050045,
"Sparekassen Lolland A/S",DKK,CSE,MID,Financials,SPALOL,DK0060090777,
"Sparisjóður Reykjavíkur og nágrennis.hf.",ISK,ISE,MID,Financials,SPRON,IS0000010932,
"Sponda Oyj",EUR,HEL,MID,Financials,SDA1V,FI0009006829,
"SäkI AB",SEK,STO,MID,Financials,SAEK,SE0000379075,
"Technopolis Oyj",EUR,HEL,MID,Financials,TPS1V,FI0009006886,
"TK Development",DKK,CSE,MID,Financials,TKDV,DK0010258995,
"Wallenstam Byggnads AB., Lennart ser. B",SEK,STO,MID,Financials,"WALL B",SE0000115008,
"Vestjysk Bank",DKK,CSE,MID,Financials,VJBA,DK0010304500,
"Wihlborgs Fastigheter AB",SEK,STO,MID,Financials,WIHL,SE0001413600,
"Vostok Nafta Investment Ltd, SDB",SEK,STO,MID,Financials,"VNIL SDB",SE0002056721,
"Ålandsbanken Abp A",EUR,HEL,MID,Financials,ALBAV,FI0009000103,
"Ålandsbanken Abp B",EUR,HEL,MID,Financials,ALBBV,FI0009001127,
"Öresund, Investmentab",SEK,STO,MID,Financials,ORES,SE0000115610,
"Active Biotech AB",SEK,STO,MID,"Health Care",ACTI,SE0001137985,
"ALK-Abelló B",DKK,CSE,MID,"Health Care","ALK B",DK0060027142,
"Bavarian Nordic",DKK,CSE,MID,"Health Care",BAVA,DK0015998017,
"BioInvent International AB",SEK,STO,MID,"Health Care",BINV,SE0000789711,
"Biovitrum AB",SEK,STO,MID,"Health Care",BVT,SE0000872095,
"GN Store Nord",DKK,CSE,MID,"Health Care",GN,DK0010272632,
"LifeCycle Pharma A/S",DKK,CSE,MID,"Health Care",LCP,DK0060048148,
NeuroSearch,DKK,CSE,MID,"Health Care",NEUR,DK0010224666,
"Oriola-KD Oyj A",EUR,HEL,MID,"Health Care",OKDAV,FI0009014344,
"Oriola-KD Oyj B",EUR,HEL,MID,"Health Care",OKDBV,FI0009014351,
"Q-Med AB",SEK,STO,MID,"Health Care",QMED,SE0000426462,
"SECTRA AB ser B",SEK,STO,MID,"Health Care","SECT B",SE0000408189,
"Össur hf.",ISK,ISE,MID,"Health Care",OSSR,IS0000000040,
"Addtech AB ser. B",SEK,STO,MID,Industrials,"ADDT B",SE0000808370,
"Aspo Oyj",EUR,HEL,MID,Industrials,ASU1V,FI0009008072,
"B&B TOOLS AB ser. B",SEK,STO,MID,Industrials,"BBTO B",SE0000101362,
"BE Group AB",SEK,STO,MID,Industrials,BEGR,SE0001852211,
"Beijer AB, G & L ser. B",SEK,STO,MID,Industrials,"BEIJ B",SE0000112906,
"Beijer Alma AB ser. B",SEK,STO,MID,Industrials,"BEIA B",SE0000190134,
"Cardo AB",SEK,STO,MID,Industrials,CARD,SE0000262982,
"Cision AB",SEK,STO,MID,Industrials,CSN,SE0000291486,
"Cramo Oyj",EUR,HEL,MID,Industrials,CRA1V,FI0009900476,
DFDS,DKK,CSE,MID,Industrials,DFDS,DK0010259027,
"DLH B",DKK,CSE,MID,Industrials,"DLH B",DK0060038933,
"Fagerhult, AB",SEK,STO,MID,Industrials,FAG,SE0000379844,
"Finnair Oyj",EUR,HEL,MID,Industrials,FIA1S,FI0009003230,
"Finnlines Oyj",EUR,HEL,MID,Industrials,FLG1S,FI0009003644,
"Glaston  Corporation",EUR,HEL,MID,Industrials,GLA1V,FI0009010219,
"Gunnebo AB",SEK,STO,MID,Industrials,GUNN,SE0000195570,
"Haldex AB",SEK,STO,MID,Industrials,HLDX,SE0000105199,
"HEXPOL AB ser. B",SEK,STO,MID,Industrials,"HPOL B",SE0002452623,
"Hf. Eimskipafélag Íslands",ISK,ISE,MID,Industrials,HFEIM,IS0000011039,
"Icelandair Group hf.",ISK,ISE,MID,Industrials,ICEAIR,IS0000013464,
"Indutrade AB",SEK,STO,MID,Industrials,INDT,SE0001515552,
"Intrum Justitia AB",SEK,STO,MID,Industrials,IJ,SE0000936478,
"ITAB Shop Concept AB ser. B",SEK,STO,MID,Industrials,"ITAB B",SE0001198714,
"Lassila &Tikanoja Oyj",EUR,HEL,MID,Industrials,LAT1V,FI0009010854,
"Lemminkäinen Oyj",EUR,HEL,MID,Industrials,LEM1S,FI0009900336,
"Marel Food Systems hf.",ISK,ISE,MID,Industrials,MARL,IS0000000388,
Mols-Linien,DKK,CSE,MID,Industrials,MOLS,DK0060135465,
"Monberg. & Thorsen B.",DKK,CSE,MID,Industrials,"MT B",DK0010224310,
"Morphic Technologies AB ser. B",SEK,STO,MID,Industrials,"MORP B",SE0000672115,
"Munters AB",SEK,STO,MID,Industrials,MTRS,SE0000416604,
"NIBE Industrier AB ser. B",SEK,STO,MID,Industrials,"NIBE B",SE0000390296,
"Niscayah Group AB ser. B",SEK,STO,MID,Industrials,"NISC B",SE0001785197,
"Peab AB ser. B",SEK,STO,MID,Industrials,"PEAB B",SE0000106205,
"Peab Industri AB ser. B",SEK,STO,MID,Industrials,"PIND B",SE0002091496,
"Per Aarsleff B",DKK,CSE,MID,Industrials,"PAAL B",DK0010243450,
"Ponsse Oyj 1",EUR,HEL,MID,Industrials,PON1V,FI0009005078,
"Ramirent Oyj",EUR,HEL,MID,Industrials,RMR1V,FI0009007066,
"Ruukki Group Oyj",EUR,HEL,MID,Industrials,RUG1V,FI0009800098,
"SAS AB",DKK,CSE,MID,Industrials,"SAS DKK",SE0000805574,
"SAS AB",SEK,STO,MID,Industrials,SAS,SE0000805574,
Satair,DKK,CSE,MID,Industrials,SAT,DK0010230390,
"Schouw & Co.",DKK,CSE,MID,Industrials,SCHO,DK0010253921,
"Solar B",DKK,CSE,MID,Industrials,"SOLAR B",DK0010274844,
"SRV Group plc",EUR,HEL,MID,Industrials,SRV1V,FI0009015309,
"SWECO AB ser. A",SEK,STO,MID,Industrials,"SWEC A",SE0000489080,
"SWECO AB ser. B",SEK,STO,MID,Industrials,"SWEC B",SE0000489098,
"Systemair AB",SEK,STO,MID,Industrials,SYSR,SE0002133975,
"Tamfelt Oyj Etuoikeutettu osake",EUR,HEL,MID,Industrials,TAFKS,FI0009000947,
"Tamfelt Oyj Kantaosake",EUR,HEL,MID,Industrials,TAFPS,FI0009000939,
"Transcom WorldWide S.A SDB ser. A",SEK,STO,MID,Industrials,"TWW SDB A",SE0000818023,
"Transcom WorldWide S.A SDB ser. B",SEK,STO,MID,Industrials,"TWW SDB B",SE0000818031,
"Vacon Oyj",EUR,HEL,MID,Industrials,VAC1V,FI0009009567,
"VBG GROUP AB ser. B",SEK,STO,MID,Industrials,"VBG B",SE0000115107,
"ÅF AB ser. B",SEK,STO,MID,Industrials,"AF B",SE0000115578,
"Axis AB",SEK,STO,MID,"Information Technology",AXIS,SE0000672354,
"Comptel Oyj",EUR,HEL,MID,"Information Technology",CTL1V,FI0009008221,
"Elektrobit Group Oyj",EUR,HEL,MID,"Information Technology",EBG1V,FI0009007264,
"F-Secure Oyj",EUR,HEL,MID,"Information Technology",FSC1V,FI0009801310,
"HiQ International AB",SEK,STO,MID,"Information Technology",HIQ,SE0000461709,
"Industrial & Financial Systems AB ser. A",SEK,STO,MID,"Information Technology","IFS A",SE0000189953,
"Industrial & Financial Systems AB ser. B",SEK,STO,MID,"Information Technology","IFS B",SE0000189946,
"Lawson Software, Inc.",SEK,STO,MID,"Information Technology",LWSN,US52078P1021,
"LBI International AB",SEK,STO,MID,"Information Technology",LBI,SE0000495293,
"Net Insight AB ser. B",SEK,STO,MID,"Information Technology","NETI B",SE0000366098,
"Orc Software AB",SEK,STO,MID,"Information Technology",ORC,SE0000634321,
SimCorp,DKK,CSE,MID,"Information Technology",SIM,DK0016026164,
"Tekla Oyj",EUR,HEL,MID,"Information Technology",TLA1V,FI0009008833,
"Thrane & Thrane",DKK,CSE,MID,"Information Technology",THRAN,DK0010279215,
"TradeDoubler AB",SEK,STO,MID,"Information Technology",TRAD,SE0001552357,
"Vaisala Oyj A",EUR,HEL,MID,"Information Technology",VAIAS,FI0009900682,
"Ahlstrom Corporation Oyj",EUR,HEL,MID,Materials,AHL1V,FI0009010391,
"Auriga Industries B",DKK,CSE,MID,Materials,"AURI B",DK0010233816,
"Billerud AB",SEK,STO,MID,Materials,BILL,SE0000862997,
"Flügger B",DKK,CSE,MID,Materials,"FLUG B",DK0010218189,
"H+H International",DKK,CSE,MID,Materials,"HH B",DK0015202451,
"Huhtamäki Oyj",EUR,HEL,MID,Materials,HUH1V,FI0009000459,
"Höganäs AB ser. B",SEK,STO,MID,Materials,"HOGA B",SE0000232175,
"M-real Oyj A",EUR,HEL,MID,Materials,MRLAV,FI0009000640,
"M-real Oyj B",EUR,HEL,MID,Materials,MRLBV,FI0009000665,
"Greentech Energy Systems",DKK,CSE,MID,Utilities,GES,DK0010240514,
AaB,DKK,CSE,SMALL,"Consumer Discretionary",AAB,DK0010247014,
"A-Com AB",SEK,STO,SMALL,"Consumer Discretionary",ACOM,SE0000592677,
"Andersen & Martini B",DKK,CSE,SMALL,"Consumer Discretionary","AM B",DK0010283597,
"Bilia AB ser. A",SEK,STO,SMALL,"Consumer Discretionary","BILI A",SE0000102295,
"BoConcept Holding B",DKK,CSE,SMALL,"Consumer Discretionary","BOCON B",DK0060050201,
"Borås Wäfveri AB ser. B",SEK,STO,SMALL,"Consumer Discretionary","WAFV B",SE0000101891,
"BRIO AB ser. B",SEK,STO,SMALL,"Consumer Discretionary","BRIO B",SE0000102006,
"Brøndby IF B",DKK,CSE,SMALL,"Consumer Discretionary","BIF B",DK0010247956,
Dantax,DKK,CSE,SMALL,"Consumer Discretionary",DANT,DK0015205637,
Dicentia,DKK,CSE,SMALL,"Consumer Discretionary",DICENT,DK0010242213,
"Egetæpper B",DKK,CSE,SMALL,"Consumer Discretionary","EGE B",DK0010259290,
"Elanders AB ser. B",SEK,STO,SMALL,"Consumer Discretionary","ELAN B",SE0000119299,
"Europeinvestment A/S",DKK,CSE,SMALL,"Consumer Discretionary",EUROPE,DK0010143312,
"Evia Oyj",EUR,HEL,SMALL,"Consumer Discretionary",EVI1V,FI0009900377,
"Fenix Outdoor AB ser. B",SEK,STO,SMALL,"Consumer Discretionary","FIX B",SE0000104788,
"Gabriel Holding",DKK,CSE,SMALL,"Consumer Discretionary",GABR,DK0060124691,
"Gyldendal A",DKK,CSE,SMALL,"Consumer Discretionary","GYLD A",DK0010247527,
"Gyldendal B",DKK,CSE,SMALL,"Consumer Discretionary","GYLD B",DK0010247600,
"Holdings. af 25.november 1972",DKK,CSE,SMALL,"Consumer Discretionary",HOLD,DK0010270420,
"Honkarakenne Oyj B",EUR,HEL,SMALL,"Consumer Discretionary",HONBS,FI0009900104,
"KABE Husvagnar AB ser. B",SEK,STO,SMALL,"Consumer Discretionary","KABE B",SE0000107724,
"Keskisuomalainen Oyj A",EUR,HEL,SMALL,"Consumer Discretionary",KSLAV,FI0009007546,
"Lastas B",DKK,CSE,SMALL,"Consumer Discretionary","LAST B",DK0010146927,
"Marimekko Oyj",EUR,HEL,SMALL,"Consumer Discretionary",MMO1V,FI0009007660,
"Netonnet AB",SEK,STO,SMALL,"Consumer Discretionary",NON,SE0000657140,
"Nilörngruppen AB ser. B",SEK,STO,SMALL,"Consumer Discretionary","NILG B",SE0000418402,
"Nordic Service Partners Holding AB ser B",SEK,STO,SMALL,"Consumer Discretionary","NSP B",SE0000476954,
"Scandinavian Brake Systems A/S",DKK,CSE,SMALL,"Consumer Discretionary",SBS,DK0060042612,
"SIF Fodbold Support B",DKK,CSE,SMALL,"Consumer Discretionary","SIF B",DK0010128008,
"Swedol AB ser. B",SEK,STO,SMALL,"Consumer Discretionary","SWOL B",SE0001733841,
"Søndagsavisen a-s",DKK,CSE,SMALL,"Consumer Discretionary",SOEN,DK0010270347,
"Talentum Oyj",EUR,HEL,SMALL,"Consumer Discretionary",TTM1V,FI0009900898,
"Ticket Travel Group AB",SEK,STO,SMALL,"Consumer Discretionary",TICK,SE0000378127,
"Tiimari Oyj Abp",EUR,HEL,SMALL,"Consumer Discretionary",TII1V,FI0009003859,
"Wedins Skor & Accessoarer AB ser. B",SEK,STO,SMALL,"Consumer Discretionary","WED B",SE0000396822,
"Viborg Håndbold Klub B",DKK,CSE,SMALL,"Consumer Discretionary","VIBHK B",DK0016017171,
"Wulff-Yhtiöt Oy",EUR,HEL,SMALL,"Consumer Discretionary",WUF1V,FI0009008452,
"Zodiak Television AB ser. B",SEK,STO,SMALL,"Consumer Discretionary","ZODI B",SE0000374993,
"Århus Elite B",DKK,CSE,SMALL,"Consumer Discretionary","ELITE B",DK0010263722,
"First Farms A/S",DKK,CSE,SMALL,"Consumer Staples",FFARMS,DK0060056166,
"Harboes Bryggeri B",DKK,CSE,SMALL,"Consumer Staples","HARB B",DK0060014751,
Hedegaard,DKK,CSE,SMALL,"Consumer Staples",HEDE,DK0010206929,
"Lännen Tehtaat Oyj",EUR,HEL,SMALL,"Consumer Staples",LTE1S,FI0009003503,
"Midelfart Sonesson AB ser. A",SEK,STO,SMALL,"Consumer Staples","MSON A",SE0000565210,
"Midelfart Sonesson AB ser. B",SEK,STO,SMALL,"Consumer Staples","MSON B",SE0000565228,
"Sláturfélag Suðurlands svf.",ISK,ISE,SMALL,"Consumer Staples","SFS B",IS0000001311,
"Suominen Oyj",EUR,HEL,SMALL,"Consumer Staples",SUY1V,FI0009010862,
"United Plantation Africa Ltd",DKK,CSE,SMALL,"Consumer Staples",UPAL,DK0010193416,
"Vinnslustöðin hf.",ISK,ISE,SMALL,"Consumer Staples",VNST,IS0000000602,
"Concordia Maritime AB ser. B",SEK,STO,SMALL,Energy,"CCOR B",SE0000102824,
"Svithoid Tankers AB ser. B",SEK,STO,SMALL,Energy,"SVIT B",SE0000641151,
"Aarhus Lokalbank",DKK,CSE,SMALL,Financials,AARHUS,DK0060088797,
"Affärsstrategerna AB ser. B",SEK,STO,SMALL,Financials,"AFFS B",SE0000445934,
"Alm. Brand Formue B",DKK,CSE,SMALL,Financials,"ALMBF B",DK0010300276,
"Alm. Brand Pantebreve B",DKK,CSE,SMALL,Financials,"ALMBP B",DK0010136969,
"Amanda Capital Oyj",EUR,HEL,SMALL,Financials,AMC1V,FI0009009617,
"Asgaard Group",DKK,CSE,SMALL,Financials,ASGGRO,DK0010131309,
Bonusbanken,DKK,CSE,SMALL,Financials,BONU,DK0010302488,
"Catena AB",SEK,STO,SMALL,Financials,CATE,SE0001664707,
"Dagon AB",SEK,STO,SMALL,Financials,DAG,SE0000646606,
"Dan-Ejendomme Holding",DKK,CSE,SMALL,Financials,DEH,DK0010292663,
"Deltaq, A/S",DKK,CSE,SMALL,Financials,DELTAQ,DK0060090181,
"DiBa Bank",DKK,CSE,SMALL,Financials,DIBA,DK0060076941,
"Din Bostad Sverige AB",SEK,STO,SMALL,Financials,DIN,SE0000614695,
"Diös Fastigheter AB",SEK,STO,SMALL,Financials,DIOS,SE0001634262,
"Djurslands Bank",DKK,CSE,SMALL,Financials,DJUR,DK0060136273,
"DK Trends Invest A/S",DKK,CSE,SMALL,Financials,DKTI,DK0060076008,
"Fastighets AB Balder ser. B",SEK,STO,SMALL,Financials,"BALD B",SE0000455057,
"FormueEvolution I A/S",DKK,CSE,SMALL,Financials,FEI,DK0060120947,
"FormueEvolution II A/S",DKK,CSE,SMALL,Financials,FEII,DK0060121242,
"Formuepleje Optimum A/S",DKK,CSE,SMALL,Financials,FPOPT,DK0060026680,
"Geveko, AB ser. B",SEK,STO,SMALL,Financials,"GVKO B",SE0000105264,
"Griffin III Berlin B",DKK,CSE,SMALL,Financials,"GRFBER B",DK0060052843,
"Griffin IV Berlin B",DKK,CSE,SMALL,Financials,"GRIFIV B",DK0060085694,
"Gudme Raaschou Vision",DKK,CSE,SMALL,Financials,GRVIS,DK0010298868,
"Havsfrun Investment AB ser. B",SEK,STO,SMALL,Financials,"HAV B",SE0000312043,
"Hvidbjerg Bank",DKK,CSE,SMALL,Financials,HVID,DK0060135978,
"Interavanti Oyj",EUR,HEL,SMALL,Financials,INA1S,FI0009002349,
"Investea German High Street II B",DKK,CSE,SMALL,Financials,"IGHS2 B",DK0060093524,
"Jensen & Møller Invest",DKK,CSE,SMALL,Financials,JMI,DK0010020668,
"Julius Tallberg-Kiinteistöt Oyj",EUR,HEL,SMALL,Financials,JTK1V,FI0009001879,
"KapitalPleje A/S",DKK,CSE,SMALL,Financials,KAP,DK0060020485,
"Klima Invest A/S",DKK,CSE,SMALL,Financials,KLIMA,DK0060093607,
Kreditbanken,DKK,CSE,SMALL,Financials,KRE,DK0010253764,
"Land & Leisure A",DKK,CSE,SMALL,Financials,"LL A",DK0010243534,
"Land & Leisure B",DKK,CSE,SMALL,Financials,"LL B",DK0010240860,
"Ledstiernan AB ser. B",SEK,STO,SMALL,Financials,"LEDS B",SE0000251902,
"LinkMed AB",SEK,STO,SMALL,Financials,LMED,SE0000619181,
"Lokalbanken i Nordsjælland",DKK,CSE,SMALL,Financials,LOKA,DK0010312446,
"Lollands Bank",DKK,CSE,SMALL,Financials,LOLB,DK0060000107,
"Luxonen S.A. SDB",SEK,STO,SMALL,Financials,"LUXO SDB",SE0000168304,
"Luxor B",DKK,CSE,SMALL,Financials,"LUXOR B",DK0010213628,
"Max Bank",DKK,CSE,SMALL,Financials,MAX,DK0010305903,
"Morsø Bank",DKK,CSE,SMALL,Financials,MORS,DK0010017797,
"Møns Bank",DKK,CSE,SMALL,Financials,MNBA,DK0060133841,
"National Bank of Greece",DKK,CSE,SMALL,Financials,NBG,DK0010218932,
"Neomarkka Oyj B",EUR,HEL,SMALL,Financials,NEMBV,FI0009800296,
"Nordfyns Bank",DKK,CSE,SMALL,Financials,NRDF,DK0010015072,
"Norvestia Oyj",EUR,HEL,SMALL,Financials,NVABV,FI0009000160,
"Novestra AB",SEK,STO,SMALL,Financials,NOVE,SE0000514689,
"Panostaja Oyj A",EUR,HEL,SMALL,Financials,PNAAS,FI0009800361,
"Panostaja Oyj B",EUR,HEL,SMALL,Financials,PNABS,FI0009800379,
"Prime Office A/S",DKK,CSE,SMALL,Financials,PRIMOF,DK0060137594,
"Ringkjøbing Bank",DKK,CSE,SMALL,Financials,RIBA,DK0010300193,
"Sagax AB",SEK,STO,SMALL,Financials,SAGA,SE0000538852,
"Sagax AB pref",SEK,STO,SMALL,Financials,"SAGA PREF",SE0001629288,
"Salling Bank",DKK,CSE,SMALL,Financials,SALB,DK0010017367,
"Scandinavian Private Equity A/S ",DKK,CSE,SMALL,Financials,SPEAS,DK0060068682,
"Skælskør Bank",DKK,CSE,SMALL,Financials,SKLS,DK0010309491,
"Skjern Bank",DKK,CSE,SMALL,Financials,SKJE,DK0010295922,
"Small Cap Danmark",DKK,CSE,SMALL,Financials,SCD,DK0010305077,
"Spar Nord FormueInvest",DKK,CSE,SMALL,Financials,SPNFI,DK0010309574,
"Sparekassen Hvetbo A/S",DKK,CSE,SMALL,Financials,HVETBO,DK0060100592,
"SSK S.Säästäjien Kiinteistöt Oyj",EUR,HEL,SMALL,Financials,SSK1S,FI0009900559,
"Svendborg Sparekasse",DKK,CSE,SMALL,Financials,SVEND,DK0010282359,
"Svolder AB ser. A",SEK,STO,SMALL,Financials,"SVOL A",SE0000205932,
"Svolder AB ser. B",SEK,STO,SMALL,Financials,"SVOL B",SE0000205940,
Totalbanken,DKK,CSE,SMALL,Financials,TOTA,DK0060082758,
"Tower Group",DKK,CSE,SMALL,Financials,TOWER,DK0011188035,
"Traction AB ser. B",SEK,STO,SMALL,Financials,"TRAC B",SE0000391716,
"Tønder Bank",DKK,CSE,SMALL,Financials,TNDR,DK0060002236,
"Walls A/S",DKK,CSE,SMALL,Financials,WALLS,DK0060040673,
"Vestfyns Bank",DKK,CSE,SMALL,Financials,VEFY,DK0010019306,
"Victor International",DKK,CSE,SMALL,Financials,VIINT,DK0010022367,
"Victoria Properties",DKK,CSE,SMALL,Financials,VIPRO,DK0015216675,
"Vinderup Bank",DKK,CSE,SMALL,Financials,VIND,DK0060136513,
"Vordingborg Bank",DKK,CSE,SMALL,Financials,VORD,DK0010019652,
"Østjydsk Bank",DKK,CSE,SMALL,Financials,OJBA,DK0010017607,
"Aerocrine AB Ser. B",SEK,STO,SMALL,"Health Care","AERO B",SE0000434292,
"Ambu A/S",DKK,CSE,SMALL,"Health Care","AMBU B",DK0010303619,
"Artimplant AB ser. B",SEK,STO,SMALL,"Health Care","ARTI B",SE0000413221,
"BioGaia AB ser. B",SEK,STO,SMALL,"Health Care","BIOG B",SE0000470395,
"Biohit Oyj B",EUR,HEL,SMALL,"Health Care",BIOBV,FI0009005482,
"Biolin AB",SEK,STO,SMALL,"Health Care",BLIN,SE0000327090,
"BioPhausia AB",SEK,STO,SMALL,"Health Care",BIOP,SE0001048984,
"BioPorto B",DKK,CSE,SMALL,"Health Care","BIOP B",DK0011048619,
"Biotage AB",SEK,STO,SMALL,"Health Care",BIOT,SE0000454746,
"Biotie Therapies Oyj",EUR,HEL,SMALL,"Health Care",BTH1V,FI0009011571,
"ChemoMetec A/S",DKK,CSE,SMALL,"Health Care",CHEMM,DK0060055861,
"Curalogic A/S",DKK,CSE,SMALL,"Health Care",CUR,DK0060040756,
"Diamyd Medical AB ser. B",SEK,STO,SMALL,"Health Care","DIAM B",SE0000337917,
"Elos AB ser. B",SEK,STO,SMALL,"Health Care","ELOS B",SE0000120776,
"EpiCept Corporation",SEK,STO,SMALL,"Health Care",EPCT,US2942642057,
"Exiqon A/S",DKK,CSE,SMALL,"Health Care",EXQ,DK0060077758,
"Feelgood Svenska AB",SEK,STO,SMALL,"Health Care",FEEL,SE0000381840,
"Human Care HC AB",SEK,STO,SMALL,"Health Care",HUMA,SE0000683757,
"Karo Bio AB",SEK,STO,SMALL,"Health Care",KARO,SE0000571416,
"Medivir AB ser. B",SEK,STO,SMALL,"Health Care","MVIR B",SE0000273294,
"Oral Hammaslääkärit Oyj",EUR,HEL,SMALL,"Health Care",ORA1V,FI0009007751,
"Orexo AB",SEK,STO,SMALL,"Health Care",ORX,SE0000736415,
"Ortivus AB ser. A",SEK,STO,SMALL,"Health Care","ORTI A",SE0000188930,
"Ortivus AB ser. B",SEK,STO,SMALL,"Health Care","ORTI B",SE0000123085,
"Oxigene, Inc.",SEK,STO,SMALL,"Health Care",OXGN,US6918281071,
Pharmexa,DKK,CSE,SMALL,"Health Care",PHARMX,DK0015966592,
"Probi AB",SEK,STO,SMALL,"Health Care",PROB,SE0001280355,
"RaySearch Laboratories AB ser. B",SEK,STO,SMALL,"Health Care","RAY B",SE0000135485,
"Suomen Terveystalo Oyj",EUR,HEL,SMALL,"Health Care",SUT1V,FI0009012413,
TopoTarget,DKK,CSE,SMALL,"Health Care",TOPO,DK0060003556,
"Vitrolife AB",SEK,STO,SMALL,"Health Care",VITR,SE0000816043,
"365 hf.",ISK,ISE,SMALL,Industrials,365,IS0000001410,
"AcadeMedia AB ser. B",SEK,STO,SMALL,Industrials,"ACAD B",SE0000375545,
"ACAP Invest AB ser. A",SEK,STO,SMALL,Industrials,"ACAP A",SE0000937674,
"ACAP Invest AB ser. B",SEK,STO,SMALL,Industrials,"ACAP B",SE0000937682,
"Arkil Holding B",DKK,CSE,SMALL,Industrials,"ARKIL B",DK0010025113,
"Atlantic Airways P/F",DKK,ISE,SMALL,Industrials,FO-AIR,FO0000000062,
"Bong Ljungdahl AB",SEK,STO,SMALL,Industrials,BONG,SE0000396061,
"Brd. Klee B",DKK,CSE,SMALL,Industrials,"KLEE B",DK0010129089,
"Brdr. A & O Johansen præf.",DKK,CSE,SMALL,Industrials,"AOJ P",DK0010231018,
"BTS Group AB ser. B",SEK,STO,SMALL,Industrials,"BTS B",SE0000805426,
"Componenta Oyj",EUR,HEL,SMALL,Industrials,CTH1V,FI0009010110,
"Consilium AB ser. B",SEK,STO,SMALL,Industrials,"CONS B",SE0000236382,
"CTT Systems AB",SEK,STO,SMALL,Industrials,CTT,SE0000418923,
"D/S Orion",DKK,CSE,SMALL,Industrials,ORION,DK0010246040,
"Dantherm A/S",DKK,CSE,SMALL,Industrials,DANTH,DK0010223692,
DanTruck-Heden,DKK,CSE,SMALL,Industrials,DANTR,DK0010182138,
"Done Solutions Oyj",EUR,HEL,SMALL,Industrials,DSO1V,FI0009010912,
"Duroc AB ser. B",SEK,STO,SMALL,Industrials,"DURC B",SE0000331266,
"Efore Oyj",EUR,HEL,SMALL,Industrials,EFO1V,FI0009900054,
"Elecster Oyj A",EUR,HEL,SMALL,Industrials,ELEAV,FI0009900658,
"Erria A/S",DKK,CSE,SMALL,Industrials,ERRIA,DK0060101483,
"Etteplan Oyj",EUR,HEL,SMALL,Industrials,ETT1V,FI0009008650,
"Expedit B",DKK,CSE,SMALL,Industrials,"EXP B",DK0015312474,
"F.E. Bording B",DKK,CSE,SMALL,Industrials,"BORD B",DK0010008028,
"Glunz & Jensen",DKK,CSE,SMALL,Industrials,GJ,DK0010249309,
"GPV Industri A",DKK,CSE,SMALL,Industrials,"GPV A",DK0010210012,
"GPV Industri B",DKK,CSE,SMALL,Industrials,"GPV B",DK0010210285,
"Gunnebo Industrier AB",SEK,STO,SMALL,Industrials,GIAB,SE0001447723,
"HL Display AB ser. B",SEK,STO,SMALL,Industrials,"HL B",SE0000214058,
"Højgaard Holding A",DKK,CSE,SMALL,Industrials,"HOEJ A",DK0010255892,
"Højgaard Holding B",DKK,CSE,SMALL,Industrials,"HOEJ B",DK0010255975,
"Intellecta AB ser. B",SEK,STO,SMALL,Industrials,"ICTA B",SE0000135287,
"Kesla Oyj A",EUR,HEL,SMALL,Industrials,KELAS,FI0009900237,
"Lammhults Design Group AB ser. B",SEK,STO,SMALL,Industrials,"LAMM B",SE0000386138,
"Larox Oyj B",EUR,HEL,SMALL,Industrials,LARBS,FI0009900328,
"Malmbergs Elektriska AB ser. B",SEK,STO,SMALL,Industrials,"MEAB B",SE0000507659,
"Martela Oyj A",EUR,HEL,SMALL,Industrials,MARAS,FI0009900385,
"Midway Holding AB ser. A",SEK,STO,SMALL,Industrials,"MIDW A",SE0000122657,
"Midway Holding AB ser. B",SEK,STO,SMALL,Industrials,"MIDW B",SE0000122673,
"Migatronic B.",DKK,CSE,SMALL,Industrials,"MIGA B",DK0010225127,
"Nederman Holding AB",SEK,STO,SMALL,Industrials,NMAN,SE0002000083,
"Nordic Tankers A/S",DKK,CSE,SMALL,Industrials,NORDIC,DK0060083996,
"NovaCast Technologies AB ser. B",SEK,STO,SMALL,Industrials,"NCAS B",SE0000362675,
"NTR Holding B",DKK,CSE,SMALL,Industrials,"NTR B",DK0010027671,
"Nurminen Logistics Oyj",EUR,HEL,SMALL,Industrials,NLG1V,FI0009900187,
"OEM International AB ser. B",SEK,STO,SMALL,Industrials,"OEM B",SE0000110116,
"Opcon AB",SEK,STO,SMALL,Industrials,OPCO,SE0000426652,
"PKC Group Oyj",EUR,HEL,SMALL,Industrials,PKC1V,FI0009006381,
"Poolia AB ser. B",SEK,STO,SMALL,Industrials,"POOL B",SE0000567539,
"Proffice AB ser. B",SEK,STO,SMALL,Industrials,"PROE B",SE0000470700,
"Raute Oyj A",EUR,HEL,SMALL,Industrials,RUTAV,FI0009004741,
"Rederi AB Transatlantic ser. B",SEK,STO,SMALL,Industrials,"RABT B",SE0000143521,
"Rejlerkoncernen AB",SEK,STO,SMALL,Industrials,"REJL B",SE0000123671,
Renewagy,DKK,CSE,SMALL,Industrials,REN,DK0060111367,
"Rias B",DKK,CSE,SMALL,Industrials,"RIAS B",DK0010125848,
"Roblon B",DKK,CSE,SMALL,Industrials,"RBLN B",DK0010133008,
"Rocla Oyj",EUR,HEL,SMALL,Industrials,ROC1V,FI0009006589,
"Rovsing A/S",DKK,CSE,SMALL,Industrials,ROV,DK0060049542,
"Sanistål B",DKK,CSE,SMALL,Industrials,"SANI B",DK0010245661,
"SCF Technologies A/S",DKK,CSE,SMALL,Industrials,SCFT,DK0060046522,
"SinterCast AB",SEK,STO,SMALL,Industrials,SINT,SE0000950982,
"SKAKO Industries A/S",DKK,CSE,SMALL,Industrials,SKAKOI,DK0010231877,
"Spæncom A",DKK,CSE,SMALL,Industrials,"SPNC A",DK0015326854,
"Spæncom B",DKK,CSE,SMALL,Industrials,"SPNC B",DK0015308019,
"Studsvik AB",SEK,STO,SMALL,Industrials,SVIK,SE0000653230,
"Svedbergs i Dalstorp AB ser. B",SEK,STO,SMALL,Industrials,"SVED B",SE0000407991,
"Takoma Oyj",EUR,HEL,SMALL,Industrials,TAM1V,FI0009901110,
"Trainers´ House Oyj",EUR,HEL,SMALL,Industrials,TRH1V,FI0009008122,
"Tricorona AB",SEK,STO,SMALL,Industrials,TRIC,SE0001493693,
"Tulikivi Oyj A",EUR,HEL,SMALL,Industrials,TULAV,FI0009900583,
"Turkistuottajat Oyj C",EUR,HEL,SMALL,Industrials,TURCS,FI0009800551,
"Turvatiimi Oyj",EUR,HEL,SMALL,Industrials,TUT1V,FI0009901045,
"Uniflex AB ser. B",SEK,STO,SMALL,Industrials,"UFLX B",SE0001283607,
"Vaahto Group Plc Oyj A",EUR,HEL,SMALL,Industrials,WAT1S,FI0009900708,
"Vaahto Group Plc Oyj K",EUR,HEL,SMALL,Industrials,WATKV,FI0009902308,
"XANO Industri AB ser. B",SEK,STO,SMALL,Industrials,"XANO B",SE0000119224,
"Acando AB ser. B",SEK,STO,SMALL,"Information Technology","ACAN B",SE0000105116,
"AddNode AB ser. B",SEK,STO,SMALL,"Information Technology","ANOD B",SE0000472268,
"Affecto Oyj",EUR,HEL,SMALL,"Information Technology",AFE1V,FI0009013312,
"Aldata Solution Oyj",EUR,HEL,SMALL,"Information Technology",ALD1V,FI0009007918,
"Anoto Group AB",SEK,STO,SMALL,"Information Technology",ANOT,SE0000547929,
"Aspiro AB",SEK,STO,SMALL,"Information Technology",ASP,SE0000500258,
"Aspocomp Group Oyj",EUR,HEL,SMALL,"Information Technology",ACG1V,FI0009008080,
"AudioDev AB ser B",SEK,STO,SMALL,"Information Technology","AUDV B",SE0000708620,
"Basware Oyj",EUR,HEL,SMALL,"Information Technology",BAS1V,FI0009008403,
"Beijer Electronics AB",SEK,STO,SMALL,"Information Technology",BELE,SE0000671711,
"Carl Lamm AB",SEK,STO,SMALL,"Information Technology",CLAM,SE0001739053,
"Carl Lamm Holding AB",SEK,STO,SMALL,"Information Technology",CLHO,SE0002469312,
"Cash Guard AB ser. B",SEK,STO,SMALL,"Information Technology","CASH B",SE0000514440,
"cBrain A/S",DKK,CSE,SMALL,"Information Technology",CBRAIN,DK0060030286,
"Cencorp Oyj",EUR,HEL,SMALL,"Information Technology",CNC1V,FI0009006951,
"Columbus IT Partner",DKK,CSE,SMALL,"Information Technology",COLUM,DK0010268366,
"Comendo A/S",DKK,CSE,SMALL,"Information Technology",COM,DK0060055515,
"Connecta AB",SEK,STO,SMALL,"Information Technology",CNTA,SE0001161530,
"Cybercom Group Europe AB",SEK,STO,SMALL,"Information Technology",CYBE,SE0000702169,
Danionics,DKK,CSE,SMALL,"Information Technology",DANIO,DK0010271238,
Danware,DKK,CSE,SMALL,"Information Technology",DANW,DK0010288125,
"Digia Plc",EUR,HEL,SMALL,"Information Technology",DIG1V,FI0009007983,
"Digital Vision AB",SEK,STO,SMALL,"Information Technology",DV,SE0000556292,
"DORO AB",SEK,STO,SMALL,"Information Technology",DORO,SE0000215493,
"EDB Gruppen",DKK,CSE,SMALL,"Information Technology",EDB,DK0010211093,
"Elcoteq SE A",EUR,HEL,SMALL,"Information Technology",ELQAV,FI0009006738,
"ElektronikGruppen BK AB ser. B",SEK,STO,SMALL,"Information Technology","ELGR B",SE0000101669,
"Enea AB",SEK,STO,SMALL,"Information Technology",ENEA,SE0000514374,
"Euroinvestor A/S",DKK,CSE,SMALL,"Information Technology",EI,DK0060074656,
"Fingerprint Cards AB ser. B",SEK,STO,SMALL,"Information Technology","FING B",SE0000422107,
"GeoSentric Plc",EUR,HEL,SMALL,"Information Technology",GEO1V,FI0009004204,
"HMS Networks AB",SEK,STO,SMALL,"Information Technology",HMS,SE0002136242,
"IBS AB ser. B",SEK,STO,SMALL,"Information Technology","IBS B",SE0000106759,
"Incap Oyj",EUR,HEL,SMALL,"Information Technology",ICP1V,FI0009006407,
"Ixonos Oyj",EUR,HEL,SMALL,"Information Technology",XNS1V,FI0009008007,
"Jeeves Information Systems AB",SEK,STO,SMALL,"Information Technology",JEEV,SE0000545626,
"Know IT AB",SEK,STO,SMALL,"Information Technology",KNOW,SE0000421273,
"Lagercrantz Group AB ser B",SEK,STO,SMALL,"Information Technology","LAGR B",SE0000808396,
Maconomy,DKK,CSE,SMALL,"Information Technology",MACO,DK0010274174,
"Micronic Laser Systems AB",SEK,STO,SMALL,"Information Technology",MICR,SE0000375115,
"Mobyson AB",SEK,STO,SMALL,"Information Technology",MOBY,SE0001159344,
"Modul 1 Data AB",SEK,STO,SMALL,"Information Technology",MOD1,SE0000345902,
"Mondo A/S",DKK,CSE,SMALL,"Information Technology",Mondo,DK0060047256,
"MSC Konsult AB ser. B",SEK,STO,SMALL,"Information Technology","MSC B",SE0000395105,
"MultiQ International AB",SEK,STO,SMALL,"Information Technology",MULQ,SE0000353898,
"NOCOM AB ser. B",SEK,STO,SMALL,"Information Technology","NOCM B",SE0000373128,
"Nolato AB ser. B",SEK,STO,SMALL,"Information Technology","NOLA B",SE0000109811,
"NOTE AB",SEK,STO,SMALL,"Information Technology",NOTE,SE0001161654,
"NOVOTEK AB ser. B",SEK,STO,SMALL,"Information Technology","NTEK B",SE0000567752,
"Nýherji hf.",ISK,ISE,SMALL,"Information Technology",NYHR,IS0000000396,
"Okmetic Oyj",EUR,HEL,SMALL,"Information Technology",OKM1V,FI0009009054,
Olicom,DKK,CSE,SMALL,"Information Technology",OLI,DK0010237056,
"PartnerTech AB",SEK,STO,SMALL,"Information Technology",PART,SE0000394165,
"Precise Biometrics AB",SEK,STO,SMALL,"Information Technology",PREC,SE0001823303,
"Prevas AB ser. B",SEK,STO,SMALL,"Information Technology","PREV B",SE0000356008,
"Pricer AB ser. B",SEK,STO,SMALL,"Information Technology","PRIC B",SE0000233934,
"Proact IT Group AB",SEK,STO,SMALL,"Information Technology",PACT,SE0000412991,
"Proha Oyj",EUR,HEL,SMALL,"Information Technology",ART1V,FI0009008098,
"QPR Software Oyj",EUR,HEL,SMALL,"Information Technology",QPR1V,FI0009008668,
"ReadSoft AB ser. B",SEK,STO,SMALL,"Information Technology","RSOF B",SE0000479107,
"RTX Telecom",DKK,CSE,SMALL,"Information Technology",RTX,DK0010267129,
"Salcomp Oyj",EUR,HEL,SMALL,"Information Technology",SAL1V,FI0009013924,
"Scanfil Oyj",EUR,HEL,SMALL,"Information Technology",SCF1V,FI0009008924,
"Scribona AB ser. A",SEK,STO,SMALL,"Information Technology","SCRI A",SE0000188500,
"Scribona AB ser. B",SEK,STO,SMALL,"Information Technology","SCRI B",SE0000188518,
"Semcon AB",SEK,STO,SMALL,"Information Technology",SEMC,SE0000379497,
"Sensys Traffic AB",SEK,STO,SMALL,"Information Technology",SENS,SE0000567729,
"Sigma AB ser. B",SEK,STO,SMALL,"Information Technology","SIGM B",SE0000835217,
"Softronic AB ser. B",SEK,STO,SMALL,"Information Technology","SOF B",SE0000323305,
"Solteq Oyj",EUR,HEL,SMALL,"Information Technology",STQ1V,FI0009007991,
"SSH Communications Security Oyj",EUR,HEL,SMALL,"Information Technology",SSH1V,FI0009008270,
"Stonesoft Oyj",EUR,HEL,SMALL,"Information Technology",SFT1V,FI0009801302,
"Technology Nexus AB",SEK,STO,SMALL,"Information Technology",NEXU,SE0000433914,
"Tecnomen Oyj",EUR,HEL,SMALL,"Information Technology",TEM1V,FI0009010227,
"Teleca AB ser. B",SEK,STO,SMALL,"Information Technology","TELC B",SE0000366254,
"Teleste Oyj",EUR,HEL,SMALL,"Information Technology",TLT1V,FI0009007728,
"Teligent AB",SEK,STO,SMALL,"Information Technology",TGNT,SE0000434342,
"Tilgin AB",SEK,STO,SMALL,"Information Technology",TILG,SE0001131269,
"Topsil Semiconductor Materials",DKK,CSE,SMALL,"Information Technology",TPSL,DK0010271584,
"Trifork A/S",DKK,CSE,SMALL,"Information Technology",TRIFOR,DK0060102887,
"Westend ICT Oyj",EUR,HEL,SMALL,"Information Technology",WIC1V,FI0009007637,
"Yleiselektroniikka Oyj E",EUR,HEL,SMALL,"Information Technology",YLEPS,FI0009900724,
"Bergs Timber AB ser. B",SEK,STO,SMALL,Materials,"BRG B",SE0000101297,
Brdr.Hartmann,DKK,CSE,SMALL,Materials,HART,DK0010256197,
"Exel Oyj",EUR,HEL,SMALL,Materials,EXL1V,FI0009007306,
"InterMail B",DKK,CSE,SMALL,Materials,"IMAIL B",DK0010212224,
"Nordic Aluminium Oyj",EUR,HEL,SMALL,Materials,NOA1V,FI0009006415,
"Nordic Mines AB",SEK,STO,SMALL,Materials,NOMI,SE0001672809,
"NunaMinerals A/S",DKK,CSE,SMALL,Materials,NUNA,DK0016190986,
"ProfilGruppen AB ser. B",SEK,STO,SMALL,Materials,"PROF B",SE0000393860,
"Rottneros AB",SEK,STO,SMALL,Materials,RROS,SE0000112252,
"Rörvik Timber AB ser. B",SEK,STO,SMALL,Materials,"RTIM B",SE0000387318,
"SP Group",DKK,CSE,SMALL,Materials,SPG,DK0010244771,
"Stromsdal Oyj ",EUR,HEL,SMALL,Materials,STM1V,FI0009003453,
"DGC One AB",SEK,STO,SMALL,"Telecommunication Services",DGC,SE0002571539,
"Phonera AB",SEK,STO,SMALL,"Telecommunication Services",PHON,SE0000582603,
"Teymi hf.",ISK,ISE,SMALL,"Telecommunication Services",TEYMI,IS0000013647,
"Thalamus Networks AB ser. B",SEK,STO,SMALL,"Telecommunication Services","THAL B",SE0000483943,
